k,t-SNE Score,PCA Score
5,0.998460391430166,0.892697566099217
10,0.9974667843460431,0.8825921237083721
25,0.9826381910153063,0.866200616775908
50,0.9387407506946519,0.8512011304264324
100,0.8513770781972785,0.8374838588278567
200,0.7555854750095583,0.8285175888780516
500,0.6510962806805124,0.8244340195209303
1000,0.6030809140774555,0.8339573825803334
