k,t-SNE Score,PCA Score
5,0.9138264867123927,0.9365557932000885
10,0.9026331120529073,0.9421885509257523
25,0.8940117532347748,0.9502242601523178
50,0.8856137485702703,0.9589638187899058
100,0.8851502192388891,0.9707993287500677
200,0.8627840961627369,0.9834953590099221
